{"cameraMode":{"drawMode":0,"name":"Shaded","section":"Shading Mode"},"sceneLighting":false,"audioPlay":false,"sceneViewState":{"m_AlwaysRefresh":false,"showFog":true,"showSkybox":false,"showFlares":true,"showImageEffects":true,"showParticleSystems":true,"showVisualEffectGraphs":true,"m_FxEnabled":true},"in2DMode":false,"pivot":{"x":39.81768798828125,"y":-8.823878288269043,"z":-0.4937248229980469},"rotation":{"x":0.1455438882112503,"y":-0.06672745943069458,"z":0.009839206002652645,"w":0.9870529174804688},"size":32.820091247558597,"orthographic":false}